Statistic,Value
Mean,35.363389129985535
Std Dev.,41.02221766808889
Min,4.0
Median,25.0
Max,3300.0
