,Unnamed: 0,predictor,rank_value
0,0,price,0.6950024799462057
4,4,country Austria,0.014540233605550882
936,936,variety Riesling,0.011942236739597756
