,Unnamed: 0,predictor,rank_value
0,0,price,0.7474789635464739
4,4,country Austria,0.016235096390462098
936,936,variety Riesling,0.013258751955865322
